Name,Created,Tags
Bingham Cup 2022,"December 17, 2024 8:04 PM",
Clot Avocats,"December 17, 2024 8:04 PM",
Le Pont,"December 17, 2024 8:04 PM",
SOS Ticket,"December 17, 2024 8:04 PM",
Town of Perth Western Annex Land,"December 17, 2024 8:04 PM",
Lucas CPA,"December 17, 2024 8:04 PM",
Tétons Ben Drôles,"December 17, 2024 8:04 PM",
Pragma,"December 17, 2024 8:04 PM",
Adib Alkhalidey,"December 17, 2024 8:04 PM",
Laberge Résolution,"December 17, 2024 8:04 PM",
CHARGE Montréal,"December 17, 2024 8:04 PM",
Dingus & Zazzy,"December 17, 2024 8:04 PM",
SOS Inc,"May 25, 2025 9:12 AM",